exchange,address,No.
okx,5VCwKtCXgCJ6kit5FybXjvriW3xELsFDhYrPSqtJNmcD,
okx,9un5wqE3q4oCjyrDkwsdD48KteCJitQX5978Vh7KKxHo,
binance,2ojv9BAiHUrvsm9gxDe7fJSzbNZSJcxZvf8dqmWGHG8S,binance 1
binance,5tzFkiKscXHK5ZXCGbXZxdw7gTjjD1mBwuoFbhUvuAi9,binance 2
bybit,AC5RDfQFmDS1deWZos921JfqscXdByf8BKHs5ACWjtW2,
backpack,43DbAvKxhXh1oSxkJSqGosNw3HpBnmsWiak6tB5wpecN,
coinbase,H8sMJSCQxfKiFTCfDR3DUMLPwcRbM61LGFJ8N4dK3WjS,coinbase 1
coinbase,GJRs4FwHtemZ5ZE9x3FNvJ8TMwitKTh21yxdRPqn7npE,coinbase 3
coinbase,2AQdpHJ2JpcEgPiATUXjQxA8QmafFegfQwSLWSprPicm,coinbase 2
